Name,Slug,Collection ID,Item ID,Created On,Updated On,Published On,multiImg1,multiImg2,multiImg3,multiImg4,multiImg5
Adam,adam,63a6d7659e85367cf4b74203,63a6d76d90b0ca1b34acd3c3,Sat Dec 24 2022 10:41:49 GMT+0000 (Coordinated Universal Time),Sat Dec 24 2022 10:41:49 GMT+0000 (Coordinated Universal Time),,FirebaseIMG_3235.JPG;FirebaseIMG_3236.JPG;FirebaseIMG_3237.JPG;FirebaseIMG_3238.JPG;FirebaseIMG_3239.JPG;FirebaseIMG_3240.JPG;FirebaseIMG_3241.JPG;FirebaseIMG_3242.JPG;FirebaseIMG_3244.JPG;FirebaseIMG_3245.JPG;FirebaseIMG_3246.JPG;FirebaseIMG_3247.JPG;FirebaseIMG_3248.JPG;FirebaseIMG_3249.JPG;FirebaseIMG_3250.JPG;FirebaseIMG_3251.JPG;FirebaseIMG_3252.JPG;FirebaseIMG_3253.JPG;FirebaseIMG_3254.JPG;FirebaseIMG_3255.JPG;FirebaseIMG_3256.JPG;FirebaseIMG_3257.JPG;FirebaseIMG_3258.JPG;FirebaseIMG_3259.JPG;FirebaseIMG_3260.JPG,IMG_3261.JPG;FirebaseIMG_3262.JPG;FirebaseIMG_3263.JPG;FirebaseIMG_3264.JPG;FirebaseIMG_3265.JPG;FirebaseIMG_3266.JPG;FirebaseIMG_3267.JPG;FirebaseIMG_3268.JPG;FirebaseIMG_3269.JPG;FirebaseIMG_3270.JPG;FirebaseIMG_3271.JPG;FirebaseIMG_3272.JPG;FirebaseIMG_3273.JPG;FirebaseIMG_3274.JPG;FirebaseIMG_3275.JPG;FirebaseIMG_3276.JPG;FirebaseIMG_3277.JPG;FirebaseIMG_3278.JPG;FirebaseIMG_3279.JPG;FirebaseIMG_3280.JPG;FirebaseIMG_3281.JPG;FirebaseIMG_3282.JPG;FirebaseIMG_3283.JPG;FirebaseIMG_3284.JPG;FirebaseIMG_3285.JPG,IMG_3286.JPG;FirebaseIMG_3287.JPG;FirebaseIMG_3288.JPG;FirebaseIMG_3289.JPG;FirebaseIMG_3290.JPG;FirebaseIMG_3291.JPG;FirebaseIMG_3292.JPG;FirebaseIMG_3293.JPG;FirebaseIMG_3294.JPG;FirebaseIMG_3295.JPG;FirebaseIMG_3296.JPG;FirebaseIMG_3297.JPG;FirebaseIMG_3298.JPG;FirebaseIMG_3299.JPG;FirebaseIMG_3300.JPG;FirebaseIMG_3301.JPG;FirebaseIMG_3302.JPG;FirebaseIMG_3303.JPG;FirebaseIMG_3304.JPG;FirebaseIMG_3305.JPG;FirebaseIMG_3306.JPG;FirebaseIMG_3307.JPG;FirebaseIMG_3308.JPG;FirebaseIMG_3309.JPG;FirebaseIMG_3310.JPG,IMG_3311.JPG;FirebaseIMG_3312.JPG;FirebaseIMG_3313.JPG;FirebaseIMG_3314.JPG;FirebaseIMG_3315.JPG;FirebaseIMG_3316.JPG;FirebaseIMG_3317.JPG;FirebaseIMG_3318.JPG;FirebaseIMG_3319.JPG;FirebaseIMG_3320.JPG;FirebaseIMG_3321.JPG;FirebaseIMG_3322.JPG;FirebaseIMG_3323.JPG;FirebaseIMG_3324.JPG;FirebaseIMG_3325.JPG;FirebaseIMG_3326.JPG;FirebaseIMG_3327.JPG;FirebaseIMG_3328.JPG;FirebaseIMG_3329.JPG;FirebaseIMG_3330.JPG;FirebaseIMG_3331.JPG;FirebaseIMG_3332.JPG;FirebaseIMG_3333.JPG;FirebaseIMG_3334.JPG;FirebaseIMG_3335.JPG,
Amanda,amanda,63a6d7659e85367cf4b74203,63a6d76d90b0ca1b34acd3c3,Sat Dec 24 2022 10:41:49 GMT+0000 (Coordinated Universal Time),Sat Dec 24 2022 10:41:49 GMT+0000 (Coordinated Universal Time),,FirebaseIMG_1861.JPG;FirebaseIMG_1862.JPG;FirebaseIMG_1863.JPG;FirebaseIMG_1864.JPG;FirebaseIMG_1865.JPG;FirebaseIMG_1866.JPG;FirebaseIMG_1867.JPG;FirebaseIMG_1868.JPG;FirebaseIMG_1869.JPG;FirebaseIMG_1870.JPG;FirebaseIMG_1871.JPG;FirebaseIMG_1872.JPG;FirebaseIMG_1873.JPG;FirebaseIMG_1874.JPG;FirebaseIMG_1875.JPG;FirebaseIMG_1876.JPG;FirebaseIMG_1877.JPG;FirebaseIMG_1878.JPG;FirebaseIMG_1879.JPG;FirebaseIMG_1880.JPG;FirebaseIMG_1881.JPG;FirebaseIMG_1882.JPG;FirebaseIMG_1883.JPG;FirebaseIMG_1884.JPG;FirebaseIMG_1885.JPG,IMG_1886.JPG;FirebaseIMG_1887.JPG;FirebaseIMG_1888.JPG;FirebaseIMG_1889.JPG;FirebaseIMG_1890.JPG;FirebaseIMG_1891.JPG;FirebaseIMG_1892.JPG;FirebaseIMG_1893.JPG;FirebaseIMG_1894.JPG;FirebaseIMG_1895.JPG;FirebaseIMG_1896.JPG;FirebaseIMG_1897.JPG;FirebaseIMG_1898.JPG;FirebaseIMG_1899.JPG;FirebaseIMG_1900.JPG;FirebaseIMG_1901.JPG;FirebaseIMG_1902.JPG;FirebaseIMG_1903.JPG;FirebaseIMG_1904.JPG;FirebaseIMG_1905.JPG;FirebaseIMG_1906.JPG;FirebaseIMG_1907.JPG;FirebaseIMG_1908.JPG;FirebaseIMG_1909.JPG;FirebaseIMG_1910.JPG,IMG_1911.JPG;FirebaseIMG_1912.JPG;FirebaseIMG_1913.JPG;FirebaseIMG_1914.JPG;FirebaseIMG_1915.JPG;FirebaseIMG_1916.JPG;FirebaseIMG_1917.JPG;FirebaseIMG_1918.JPG;FirebaseIMG_1919.JPG;FirebaseIMG_1920.JPG;FirebaseIMG_1921.JPG;FirebaseIMG_1922.JPG;FirebaseIMG_1923.JPG;FirebaseIMG_1924.JPG;FirebaseIMG_1925.JPG;FirebaseIMG_1926.JPG;FirebaseIMG_1927.JPG;FirebaseIMG_1928.JPG;FirebaseIMG_1929.JPG;FirebaseIMG_1930.JPG;FirebaseIMG_1931.JPG;FirebaseIMG_1932.JPG;FirebaseIMG_1933.JPG;FirebaseIMG_1934.JPG;FirebaseIMG_1935.JPG,IMG_1936.JPG;FirebaseIMG_1937.JPG;FirebaseIMG_1938.JPG;FirebaseIMG_1939.JPG;FirebaseIMG_1940.JPG;FirebaseIMG_1941.JPG;FirebaseIMG_1942.JPG;FirebaseIMG_1943.JPG;FirebaseIMG_1944.JPG;FirebaseIMG_1945.JPG;FirebaseIMG_1946.JPG;FirebaseIMG_1947.JPG;FirebaseIMG_1948.JPG;FirebaseIMG_1949.JPG;FirebaseIMG_1950.JPG;FirebaseIMG_1951.JPG;FirebaseIMG_1952.JPG;FirebaseIMG_1953.JPG;FirebaseIMG_1954.JPG;FirebaseIMG_1955.JPG;FirebaseIMG_1956.JPG;FirebaseIMG_1957.JPG;FirebaseIMG_1958.JPG;FirebaseIMG_1959.JPG;FirebaseIMG_1960.JPG,
Ellen,ellen,63a6d7659e85367cf4b74203,63a6d76d90b0ca1b34acd3c3,Sat Dec 24 2022 10:41:49 GMT+0000 (Coordinated Universal Time),Sat Dec 24 2022 10:41:49 GMT+0000 (Coordinated Universal Time),,FirebaseIMG_2106.JPG;FirebaseIMG_2107.JPG;FirebaseIMG_2108.JPG;FirebaseIMG_2109.JPG;FirebaseIMG_2110.JPG;FirebaseIMG_2111.JPG;FirebaseIMG_2112.JPG;FirebaseIMG_2113.JPG;FirebaseIMG_2114.JPG;FirebaseIMG_2115.JPG;FirebaseIMG_2116.JPG;FirebaseIMG_2117.JPG;FirebaseIMG_2118.JPG;FirebaseIMG_2119.JPG;FirebaseIMG_2120.JPG;FirebaseIMG_2121.JPG;FirebaseIMG_2122.JPG;FirebaseIMG_2123.JPG;FirebaseIMG_2124.JPG;FirebaseIMG_2125.JPG;FirebaseIMG_2126.JPG;FirebaseIMG_2127.JPG;FirebaseIMG_2128.JPG;FirebaseIMG_2129.JPG;FirebaseIMG_2130.JPG,IMG_2131.JPG;FirebaseIMG_2132.JPG;FirebaseIMG_2133.JPG;FirebaseIMG_2134.JPG;FirebaseIMG_2135.JPG;FirebaseIMG_2136.JPG;FirebaseIMG_2137.JPG;FirebaseIMG_2138.JPG;FirebaseIMG_2139.JPG;FirebaseIMG_2140.JPG;FirebaseIMG_2141.JPG;FirebaseIMG_2142.JPG;FirebaseIMG_2143.JPG;FirebaseIMG_2144.JPG;FirebaseIMG_2145.JPG;FirebaseIMG_2146.JPG;FirebaseIMG_2147.JPG;FirebaseIMG_2148.JPG;FirebaseIMG_2149.JPG;FirebaseIMG_2150.JPG;FirebaseIMG_2151.JPG;FirebaseIMG_2152.JPG;FirebaseIMG_2153.JPG;FirebaseIMG_2154.JPG;FirebaseIMG_2155.JPG,IMG_2156.JPG;FirebaseIMG_2157.JPG;FirebaseIMG_2158.JPG;FirebaseIMG_2159.JPG;FirebaseIMG_2160.JPG;FirebaseIMG_2161.JPG;FirebaseIMG_2162.JPG;FirebaseIMG_2163.JPG;FirebaseIMG_2164.JPG;FirebaseIMG_2165.JPG;FirebaseIMG_2166.JPG;FirebaseIMG_2167.JPG;FirebaseIMG_2168.JPG;FirebaseIMG_2169.JPG;FirebaseIMG_2170.JPG;FirebaseIMG_2171.JPG;FirebaseIMG_2172.JPG;FirebaseIMG_2173.JPG;FirebaseIMG_2174.JPG;FirebaseIMG_2175.JPG;FirebaseIMG_2176.JPG;FirebaseIMG_2177.JPG;FirebaseIMG_2178.JPG;FirebaseIMG_2179.JPG;FirebaseIMG_2180.JPG,IMG_2181.JPG;FirebaseIMG_2182.JPG;FirebaseIMG_2183.JPG;FirebaseIMG_2184.JPG;FirebaseIMG_2185.JPG;FirebaseIMG_2186.JPG;FirebaseIMG_2187.JPG;FirebaseIMG_2188.JPG;FirebaseIMG_2189.JPG;FirebaseIMG_2190.JPG;FirebaseIMG_2191.JPG;FirebaseIMG_2192.JPG;FirebaseIMG_2193.JPG;FirebaseIMG_2194.JPG;FirebaseIMG_2195.JPG;FirebaseIMG_2196.JPG;FirebaseIMG_2197.JPG;FirebaseIMG_2198.JPG;FirebaseIMG_2199.JPG;FirebaseIMG_2200.JPG;FirebaseIMG_2201.JPG;FirebaseIMG_2202.JPG;FirebaseIMG_2203.JPG;FirebaseIMG_2204.JPG;FirebaseIMG_2205.JPG,
Fredrik,fredrik,63a6d7659e85367cf4b74203,63a6d76d90b0ca1b34acd3c3,Sat Dec 24 2022 10:41:49 GMT+0000 (Coordinated Universal Time),Sat Dec 24 2022 10:41:49 GMT+0000 (Coordinated Universal Time),,FirebaseIMG_2560.JPG;FirebaseIMG_2561.JPG;FirebaseIMG_2562.JPG;FirebaseIMG_2563.JPG;FirebaseIMG_2564.JPG;FirebaseIMG_2565.JPG;FirebaseIMG_2566.JPG;FirebaseIMG_2567.JPG;FirebaseIMG_2568.JPG;FirebaseIMG_2569.JPG;FirebaseIMG_2570.JPG;FirebaseIMG_2571.JPG;FirebaseIMG_2572.JPG;FirebaseIMG_2573.JPG;FirebaseIMG_2574.JPG;FirebaseIMG_2575.JPG;FirebaseIMG_2576.JPG;FirebaseIMG_2577.JPG;FirebaseIMG_2578.JPG;FirebaseIMG_2579.JPG;FirebaseIMG_2580.JPG;FirebaseIMG_2581.JPG;FirebaseIMG_2582.JPG;FirebaseIMG_2583.JPG;FirebaseIMG_2584.JPG,IMG_2585.JPG;FirebaseIMG_2586.JPG;FirebaseIMG_2587.JPG;FirebaseIMG_2588.JPG;FirebaseIMG_2589.JPG;FirebaseIMG_2590.JPG;FirebaseIMG_2591.JPG;FirebaseIMG_2592.JPG;FirebaseIMG_2593.JPG;FirebaseIMG_2594.JPG;FirebaseIMG_2595.JPG;FirebaseIMG_2596.JPG;FirebaseIMG_2597.JPG;FirebaseIMG_2598.JPG;FirebaseIMG_2599.JPG;FirebaseIMG_2600.JPG;FirebaseIMG_2601.JPG;FirebaseIMG_2602.JPG;FirebaseIMG_2603.JPG;FirebaseIMG_2604.JPG;FirebaseIMG_2605.JPG;FirebaseIMG_2606.JPG;FirebaseIMG_2607.JPG;FirebaseIMG_2608.JPG;FirebaseIMG_2609.JPG,IMG_2610.JPG;FirebaseIMG_2611.JPG;FirebaseIMG_2612.JPG;FirebaseIMG_2613.JPG;FirebaseIMG_2614.JPG;FirebaseIMG_2615.JPG;FirebaseIMG_2616.JPG;FirebaseIMG_2617.JPG;FirebaseIMG_2618.JPG;FirebaseIMG_2619.JPG;FirebaseIMG_2620.JPG;FirebaseIMG_2621.JPG;FirebaseIMG_2622.JPG;FirebaseIMG_2623.JPG;FirebaseIMG_2624.JPG;FirebaseIMG_2625.JPG;FirebaseIMG_2626.JPG;FirebaseIMG_2627.JPG;FirebaseIMG_2628.JPG;FirebaseIMG_2629.JPG;FirebaseIMG_2631.JPG;FirebaseIMG_2632.JPG;FirebaseIMG_2633.JPG;FirebaseIMG_2634.JPG;FirebaseIMG_2635.JPG,IMG_2636.JPG;FirebaseIMG_2637.JPG;FirebaseIMG_2638.JPG;FirebaseIMG_2639.JPG;FirebaseIMG_2640.JPG;FirebaseIMG_2641.JPG;FirebaseIMG_2642.JPG;FirebaseIMG_2643.JPG;FirebaseIMG_2644.JPG;FirebaseIMG_2645.JPG;FirebaseIMG_2646.JPG;FirebaseIMG_2647.JPG;FirebaseIMG_2648.JPG;FirebaseIMG_2649.JPG;FirebaseIMG_2650.JPG;FirebaseIMG_2651.JPG;FirebaseIMG_2652.JPG;FirebaseIMG_2653.JPG;FirebaseIMG_2654.JPG;FirebaseIMG_2656.JPG;FirebaseIMG_2657.JPG;FirebaseIMG_2658.JPG;FirebaseIMG_2659.JPG;FirebaseIMG_2660.JPG;FirebaseIMG_2661.JPG,
Ingemar,ingemar,63a6d7659e85367cf4b74203,63a6d76d90b0ca1b34acd3c3,Sat Dec 24 2022 10:41:49 GMT+0000 (Coordinated Universal Time),Sat Dec 24 2022 10:41:49 GMT+0000 (Coordinated Universal Time),,FirebaseIMG_2895.JPG;FirebaseIMG_2896.JPG;FirebaseIMG_2897.JPG;FirebaseIMG_2898.JPG;FirebaseIMG_2899.JPG;FirebaseIMG_2900.JPG;FirebaseIMG_2901.JPG;FirebaseIMG_2902.JPG;FirebaseIMG_2903.JPG;FirebaseIMG_2904.JPG;FirebaseIMG_2905.JPG;FirebaseIMG_2906.JPG;FirebaseIMG_2907.JPG;FirebaseIMG_2908.JPG;FirebaseIMG_2909.JPG;FirebaseIMG_2910.JPG;FirebaseIMG_2911.JPG;FirebaseIMG_2912.JPG;FirebaseIMG_2913.JPG;FirebaseIMG_2914.JPG;FirebaseIMG_2915.JPG;FirebaseIMG_2916.JPG;FirebaseIMG_2917.JPG;FirebaseIMG_2918.JPG;FirebaseIMG_2919.JPG,IMG_2920.JPG;FirebaseIMG_2921.JPG;FirebaseIMG_2922.JPG;FirebaseIMG_2923.JPG;FirebaseIMG_2924.JPG;FirebaseIMG_2925.JPG;FirebaseIMG_2926.JPG;FirebaseIMG_2927.JPG;FirebaseIMG_2928.JPG;FirebaseIMG_2929.JPG;FirebaseIMG_2930.JPG;FirebaseIMG_2931.JPG;FirebaseIMG_2932.JPG;FirebaseIMG_2933.JPG;FirebaseIMG_2934.JPG;FirebaseIMG_2935.JPG;FirebaseIMG_2936.JPG;FirebaseIMG_2937.JPG;FirebaseIMG_2938.JPG;FirebaseIMG_2939.JPG;FirebaseIMG_2940.JPG;FirebaseIMG_2941.JPG;FirebaseIMG_2942.JPG;FirebaseIMG_2943.JPG;FirebaseIMG_2944.JPG,IMG_2945.JPG;FirebaseIMG_2946.JPG;FirebaseIMG_2947.JPG;FirebaseIMG_2948.JPG;FirebaseIMG_2949.JPG;FirebaseIMG_2950.JPG;FirebaseIMG_2951.JPG;FirebaseIMG_2952.JPG;FirebaseIMG_2953.JPG;FirebaseIMG_2954.JPG;FirebaseIMG_2955.JPG;FirebaseIMG_2956.JPG;FirebaseIMG_2957.JPG;FirebaseIMG_2958.JPG;FirebaseIMG_2959.JPG;FirebaseIMG_2960.JPG;FirebaseIMG_2961.JPG;FirebaseIMG_2962.JPG;FirebaseIMG_2963.JPG;FirebaseIMG_2964.JPG;FirebaseIMG_2965.JPG;FirebaseIMG_2966.JPG;FirebaseIMG_2967.JPG;FirebaseIMG_2968.JPG;FirebaseIMG_2969.JPG,IMG_2970.JPG;FirebaseIMG_2971.JPG;FirebaseIMG_2972.JPG;FirebaseIMG_2973.JPG;FirebaseIMG_2974.JPG;FirebaseIMG_2975.JPG;FirebaseIMG_2976.JPG;FirebaseIMG_2977.JPG;FirebaseIMG_2978.JPG;FirebaseIMG_2979.JPG;FirebaseIMG_2980.JPG;FirebaseIMG_2981.JPG;FirebaseIMG_2982.JPG;FirebaseIMG_2983.JPG;FirebaseIMG_2984.JPG;FirebaseIMG_2985.JPG;FirebaseIMG_2986.JPG;FirebaseIMG_2987.JPG;FirebaseIMG_2988.JPG;FirebaseIMG_2990.JPG;FirebaseIMG_2991.JPG;FirebaseIMG_2992.JPG;FirebaseIMG_2993.JPG;FirebaseIMG_2994.JPG;FirebaseIMG_2995.JPG,
Julian,julian,63a6d7659e85367cf4b74203,63a6d76d90b0ca1b34acd3c3,Sat Dec 24 2022 10:41:49 GMT+0000 (Coordinated Universal Time),Sat Dec 24 2022 10:41:49 GMT+0000 (Coordinated Universal Time),,FirebaseIMG_3006.JPG;FirebaseIMG_3007.JPG;FirebaseIMG_3008.JPG;FirebaseIMG_3009.JPG;FirebaseIMG_3010.JPG;FirebaseIMG_3011.JPG;FirebaseIMG_3012.JPG;FirebaseIMG_3013.JPG;FirebaseIMG_3014.JPG;FirebaseIMG_3015.JPG;FirebaseIMG_3016.JPG;FirebaseIMG_3017.JPG;FirebaseIMG_3018.JPG;FirebaseIMG_3019.JPG;FirebaseIMG_3020.JPG;FirebaseIMG_3021.JPG;FirebaseIMG_3022.JPG;FirebaseIMG_3023.JPG;FirebaseIMG_3024.JPG;FirebaseIMG_3025.JPG;FirebaseIMG_3026.JPG;FirebaseIMG_3027.JPG;FirebaseIMG_3028.JPG;FirebaseIMG_3029.JPG;FirebaseIMG_3030.JPG,IMG_3031.JPG;FirebaseIMG_3032.JPG;FirebaseIMG_3033.JPG;FirebaseIMG_3034.JPG;FirebaseIMG_3035.JPG;FirebaseIMG_3036.JPG;FirebaseIMG_3037.JPG;FirebaseIMG_3038.JPG;FirebaseIMG_3039.JPG;FirebaseIMG_3040.JPG;FirebaseIMG_3041.JPG;FirebaseIMG_3042.JPG;FirebaseIMG_3043.JPG;FirebaseIMG_3044.JPG;FirebaseIMG_3045.JPG;FirebaseIMG_3046.JPG;FirebaseIMG_3047.JPG;FirebaseIMG_3048.JPG;FirebaseIMG_3049.JPG;FirebaseIMG_3050.JPG;FirebaseIMG_3051.JPG;FirebaseIMG_3052.JPG;FirebaseIMG_3053.JPG;FirebaseIMG_3054.JPG;FirebaseIMG_3055.JPG,IMG_3056.JPG;FirebaseIMG_3057.JPG;FirebaseIMG_3058.JPG;FirebaseIMG_3059.JPG;FirebaseIMG_3060.JPG;FirebaseIMG_3061.JPG;FirebaseIMG_3062.JPG;FirebaseIMG_3063.JPG;FirebaseIMG_3064.JPG;FirebaseIMG_3065.JPG;FirebaseIMG_3066.JPG;FirebaseIMG_3067.JPG;FirebaseIMG_3068.JPG;FirebaseIMG_3069.JPG;FirebaseIMG_3070.JPG;FirebaseIMG_3071.JPG;FirebaseIMG_3072.JPG;FirebaseIMG_3073.JPG;FirebaseIMG_3074.JPG;FirebaseIMG_3075.JPG;FirebaseIMG_3076.JPG;FirebaseIMG_3077.JPG;FirebaseIMG_3078.JPG;FirebaseIMG_3079.JPG;FirebaseIMG_3080.JPG,IMG_3081.JPG;FirebaseIMG_3082.JPG;FirebaseIMG_3083.JPG;FirebaseIMG_3084.JPG;FirebaseIMG_3085.JPG;FirebaseIMG_3086.JPG;FirebaseIMG_3087.JPG;FirebaseIMG_3088.JPG;FirebaseIMG_3089.JPG;FirebaseIMG_3090.JPG;FirebaseIMG_3091.JPG;FirebaseIMG_3092.JPG;FirebaseIMG_3093.JPG;FirebaseIMG_3094.JPG;FirebaseIMG_3095.JPG;FirebaseIMG_3096.JPG;FirebaseIMG_3097.JPG;FirebaseIMG_3098.JPG;FirebaseIMG_3099.JPG;FirebaseIMG_3100.JPG;FirebaseIMG_3101.JPG;FirebaseIMG_3102.JPG;FirebaseIMG_3103.JPG;FirebaseIMG_3104.JPG;FirebaseIMG_3105.JPG,
Julius,julius,63a6d7659e85367cf4b74203,63a6d76d90b0ca1b34acd3c3,Sat Dec 24 2022 10:41:49 GMT+0000 (Coordinated Universal Time),Sat Dec 24 2022 10:41:49 GMT+0000 (Coordinated Universal Time),,FirebaseIMG_3116.JPG;FirebaseIMG_3117.JPG;FirebaseIMG_3118.JPG;FirebaseIMG_3119.JPG;FirebaseIMG_3120.JPG;FirebaseIMG_3121.JPG;FirebaseIMG_3122.JPG;FirebaseIMG_3123.JPG;FirebaseIMG_3124.JPG;FirebaseIMG_3125.JPG;FirebaseIMG_3126.JPG;FirebaseIMG_3127.JPG;FirebaseIMG_3128.JPG;FirebaseIMG_3129.JPG;FirebaseIMG_3130.JPG;FirebaseIMG_3131.JPG;FirebaseIMG_3132.JPG;FirebaseIMG_3133.JPG;FirebaseIMG_3134.JPG;FirebaseIMG_3135.JPG;FirebaseIMG_3136.JPG;FirebaseIMG_3137.JPG;FirebaseIMG_3138.JPG;FirebaseIMG_3139.JPG;FirebaseIMG_3140.JPG,IMG_3141.JPG;FirebaseIMG_3142.JPG;FirebaseIMG_3143.JPG;FirebaseIMG_3144.JPG;FirebaseIMG_3145.JPG;FirebaseIMG_3146.JPG;FirebaseIMG_3147.JPG;FirebaseIMG_3148.JPG;FirebaseIMG_3149.JPG;FirebaseIMG_3150.JPG;FirebaseIMG_3151.JPG;FirebaseIMG_3152.JPG;FirebaseIMG_3153.JPG;FirebaseIMG_3154.JPG;FirebaseIMG_3155.JPG;FirebaseIMG_3156.JPG;FirebaseIMG_3157.JPG;FirebaseIMG_3158.JPG;FirebaseIMG_3159.JPG;FirebaseIMG_3160.JPG;FirebaseIMG_3161.JPG;FirebaseIMG_3162.JPG;FirebaseIMG_3163.JPG;FirebaseIMG_3164.JPG;FirebaseIMG_3165.JPG,IMG_3166.JPG;FirebaseIMG_3167.JPG;FirebaseIMG_3168.JPG;FirebaseIMG_3169.JPG;FirebaseIMG_3170.JPG;FirebaseIMG_3171.JPG;FirebaseIMG_3172.JPG;FirebaseIMG_3173.JPG;FirebaseIMG_3174.JPG;FirebaseIMG_3175.JPG;FirebaseIMG_3176.JPG;FirebaseIMG_3177.JPG;FirebaseIMG_3178.JPG;FirebaseIMG_3179.JPG;FirebaseIMG_3180.JPG;FirebaseIMG_3181.JPG;FirebaseIMG_3182.JPG;FirebaseIMG_3183.JPG;FirebaseIMG_3184.JPG;FirebaseIMG_3185.JPG;FirebaseIMG_3186.JPG;FirebaseIMG_3187.JPG;FirebaseIMG_3188.JPG;FirebaseIMG_3189.JPG;FirebaseIMG_3190.JPG,IMG_3191.JPG;FirebaseIMG_3192.JPG;FirebaseIMG_3193.JPG;FirebaseIMG_3194.JPG;FirebaseIMG_3195.JPG;FirebaseIMG_3196.JPG;FirebaseIMG_3197.JPG;FirebaseIMG_3198.JPG;FirebaseIMG_3199.JPG;FirebaseIMG_3200.JPG;FirebaseIMG_3201.JPG;FirebaseIMG_3202.JPG;FirebaseIMG_3203.JPG;FirebaseIMG_3204.JPG;FirebaseIMG_3205.JPG;FirebaseIMG_3206.JPG;FirebaseIMG_3207.JPG;FirebaseIMG_3208.JPG;FirebaseIMG_3209.JPG;FirebaseIMG_3210.JPG;FirebaseIMG_3211.JPG;FirebaseIMG_3212.JPG;FirebaseIMG_3213.JPG;FirebaseIMG_3214.JPG;FirebaseIMG_3215.JPG,
Mamma,mamma,63a6d7659e85367cf4b74203,63a6d76d90b0ca1b34acd3c3,Sat Dec 24 2022 10:41:49 GMT+0000 (Coordinated Universal Time),Sat Dec 24 2022 10:41:49 GMT+0000 (Coordinated Universal Time),,FirebaseIMG_2780.JPG;FirebaseIMG_2781.JPG;FirebaseIMG_2782.JPG;FirebaseIMG_2783.JPG;FirebaseIMG_2784.JPG;FirebaseIMG_2785.JPG;FirebaseIMG_2786.JPG;FirebaseIMG_2787.JPG;FirebaseIMG_2788.JPG;FirebaseIMG_2789.JPG;FirebaseIMG_2790.JPG;FirebaseIMG_2791.JPG;FirebaseIMG_2792.JPG;FirebaseIMG_2793.JPG;FirebaseIMG_2794.JPG;FirebaseIMG_2795.JPG;FirebaseIMG_2796.JPG;FirebaseIMG_2797.JPG;FirebaseIMG_2798.JPG;FirebaseIMG_2799.JPG;FirebaseIMG_2800.JPG;FirebaseIMG_2801.JPG;FirebaseIMG_2802.JPG;FirebaseIMG_2803.JPG;FirebaseIMG_2804.JPG,IMG_2805.JPG;FirebaseIMG_2806.JPG;FirebaseIMG_2807.JPG;FirebaseIMG_2808.JPG;FirebaseIMG_2809.JPG;FirebaseIMG_2810.JPG;FirebaseIMG_2811.JPG;FirebaseIMG_2812.JPG;FirebaseIMG_2813.JPG;FirebaseIMG_2814.JPG;FirebaseIMG_2815.JPG;FirebaseIMG_2816.JPG;FirebaseIMG_2817.JPG;FirebaseIMG_2818.JPG;FirebaseIMG_2819.JPG;FirebaseIMG_2820.JPG;FirebaseIMG_2821.JPG;FirebaseIMG_2822.JPG;FirebaseIMG_2823.JPG;FirebaseIMG_2824.JPG;FirebaseIMG_2825.JPG;FirebaseIMG_2826.JPG;FirebaseIMG_2827.JPG;FirebaseIMG_2828.JPG;FirebaseIMG_2829.JPG,IMG_2830.JPG;FirebaseIMG_2831.JPG;FirebaseIMG_2832.JPG;FirebaseIMG_2833.JPG;FirebaseIMG_2834.JPG;FirebaseIMG_2835.JPG;FirebaseIMG_2836.JPG;FirebaseIMG_2837.JPG;FirebaseIMG_2838.JPG;FirebaseIMG_2839.JPG;FirebaseIMG_2840.JPG;FirebaseIMG_2841.JPG;FirebaseIMG_2842.JPG;FirebaseIMG_2843.JPG;FirebaseIMG_2844.JPG;FirebaseIMG_2845.JPG;FirebaseIMG_2846.JPG;FirebaseIMG_2847.JPG;FirebaseIMG_2848.JPG;FirebaseIMG_2849.JPG;FirebaseIMG_2850.JPG;FirebaseIMG_2851.JPG;FirebaseIMG_2852.JPG;FirebaseIMG_2853.JPG;FirebaseIMG_2854.JPG,IMG_2855.JPG;FirebaseIMG_2856.JPG;FirebaseIMG_2857.JPG;FirebaseIMG_2858.JPG;FirebaseIMG_2859.JPG;FirebaseIMG_2860.JPG;FirebaseIMG_2861.JPG;FirebaseIMG_2862.JPG;FirebaseIMG_2863.JPG;FirebaseIMG_2864.JPG;FirebaseIMG_2865.JPG;FirebaseIMG_2866.JPG;FirebaseIMG_2867.JPG;FirebaseIMG_2868.JPG;FirebaseIMG_2869.JPG;FirebaseIMG_2870.JPG;FirebaseIMG_2871.JPG;FirebaseIMG_2872.JPG;FirebaseIMG_2873.JPG;FirebaseIMG_2874.JPG;FirebaseIMG_2875.JPG;FirebaseIMG_2876.JPG;FirebaseIMG_2877.JPG;FirebaseIMG_2878.JPG;FirebaseIMG_2879.JPG,
Mark,mark,63a6d7659e85367cf4b74203,63a6d76d90b0ca1b34acd3c3,Sat Dec 24 2022 10:41:49 GMT+0000 (Coordinated Universal Time),Sat Dec 24 2022 10:41:49 GMT+0000 (Coordinated Universal Time),,FirebaseIMG_2450.JPG;FirebaseIMG_2452.JPG;FirebaseIMG_2453.JPG;FirebaseIMG_2454.JPG;FirebaseIMG_2455.JPG;FirebaseIMG_2456.JPG;FirebaseIMG_2457.JPG;FirebaseIMG_2458.JPG;FirebaseIMG_2459.JPG;FirebaseIMG_2460.JPG;FirebaseIMG_2461.JPG;FirebaseIMG_2462.JPG;FirebaseIMG_2463.JPG;FirebaseIMG_2464.JPG;FirebaseIMG_2465.JPG;FirebaseIMG_2466.JPG;FirebaseIMG_2467.JPG;FirebaseIMG_2468.JPG;FirebaseIMG_2469.JPG;FirebaseIMG_2470.JPG;FirebaseIMG_2471.JPG;FirebaseIMG_2472.JPG;FirebaseIMG_2473.JPG;FirebaseIMG_2474.JPG;FirebaseIMG_2475.JPG,IMG_2476.JPG;FirebaseIMG_2477.JPG;FirebaseIMG_2478.JPG;FirebaseIMG_2479.JPG;FirebaseIMG_2480.JPG;FirebaseIMG_2481.JPG;FirebaseIMG_2483.JPG;FirebaseIMG_2484.JPG;FirebaseIMG_2485.JPG;FirebaseIMG_2486.JPG;FirebaseIMG_2487.JPG;FirebaseIMG_2488.JPG;FirebaseIMG_2489.JPG;FirebaseIMG_2490.JPG;FirebaseIMG_2491.JPG;FirebaseIMG_2492.JPG;FirebaseIMG_2493.JPG;FirebaseIMG_2494.JPG;FirebaseIMG_2495.JPG;FirebaseIMG_2496.JPG;FirebaseIMG_2497.JPG;FirebaseIMG_2498.JPG;FirebaseIMG_2499.JPG;FirebaseIMG_2500.JPG;FirebaseIMG_2501.JPG,IMG_2502.JPG;FirebaseIMG_2503.JPG;FirebaseIMG_2504.JPG;FirebaseIMG_2505.JPG;FirebaseIMG_2506.JPG;FirebaseIMG_2507.JPG;FirebaseIMG_2508.JPG;FirebaseIMG_2509.JPG;FirebaseIMG_2510.JPG;FirebaseIMG_2511.JPG;FirebaseIMG_2512.JPG;FirebaseIMG_2513.JPG;FirebaseIMG_2514.JPG;FirebaseIMG_2515.JPG;FirebaseIMG_2516.JPG;FirebaseIMG_2517.JPG;FirebaseIMG_2518.JPG;FirebaseIMG_2519.JPG;FirebaseIMG_2520.JPG;FirebaseIMG_2521.JPG;FirebaseIMG_2522.JPG;FirebaseIMG_2523.JPG;FirebaseIMG_2524.JPG;FirebaseIMG_2525.JPG;FirebaseIMG_2526.JPG,IMG_2527.JPG;FirebaseIMG_2528.JPG;FirebaseIMG_2529.JPG;FirebaseIMG_2530.JPG;FirebaseIMG_2531.JPG;FirebaseIMG_2532.JPG;FirebaseIMG_2533.JPG;FirebaseIMG_2534.JPG;FirebaseIMG_2535.JPG;FirebaseIMG_2536.JPG;FirebaseIMG_2537.JPG;FirebaseIMG_2538.JPG;FirebaseIMG_2539.JPG;FirebaseIMG_2540.JPG;FirebaseIMG_2541.JPG;FirebaseIMG_2542.JPG;FirebaseIMG_2544.JPG;FirebaseIMG_2545.JPG;FirebaseIMG_2547.JPG;FirebaseIMG_2548.JPG;FirebaseIMG_2549.JPG;FirebaseIMG_2550.JPG;FirebaseIMG_2551.JPG;FirebaseIMG_2552.JPG;FirebaseIMG_2553.JPG,
Mathilda,mathilda,63a6d7659e85367cf4b74203,63a6d76d90b0ca1b34acd3c3,Sat Dec 24 2022 10:41:49 GMT+0000 (Coordinated Universal Time),Sat Dec 24 2022 10:41:49 GMT+0000 (Coordinated Universal Time),,FirebaseIMG_1982.JPG;FirebaseIMG_1983.JPG;FirebaseIMG_1984.JPG;FirebaseIMG_1985.JPG;FirebaseIMG_1986.JPG;FirebaseIMG_1987.JPG;FirebaseIMG_1988.JPG;FirebaseIMG_1989.JPG;FirebaseIMG_1990.JPG;FirebaseIMG_1991.JPG;FirebaseIMG_1992.JPG;FirebaseIMG_1993.JPG;FirebaseIMG_1994.JPG;FirebaseIMG_1995.JPG;FirebaseIMG_1996.JPG;FirebaseIMG_1997.JPG;FirebaseIMG_1998.JPG;FirebaseIMG_1999.JPG;FirebaseIMG_2001.JPG;FirebaseIMG_2002.JPG;FirebaseIMG_2003.JPG;FirebaseIMG_2004.JPG;FirebaseIMG_2005.JPG;FirebaseIMG_2006.JPG;FirebaseIMG_2007.JPG,IMG_2008.JPG;FirebaseIMG_2009.JPG;FirebaseIMG_2010.JPG;FirebaseIMG_2011.JPG;FirebaseIMG_2012.JPG;FirebaseIMG_2013.JPG;FirebaseIMG_2014.JPG;FirebaseIMG_2015.JPG;FirebaseIMG_2016.JPG;FirebaseIMG_2017.JPG;FirebaseIMG_2018.JPG;FirebaseIMG_2019.JPG;FirebaseIMG_2020.JPG;FirebaseIMG_2021.JPG;FirebaseIMG_2022.JPG;FirebaseIMG_2023.JPG;FirebaseIMG_2024.JPG;FirebaseIMG_2025.JPG;FirebaseIMG_2026.JPG;FirebaseIMG_2027.JPG;FirebaseIMG_2028.JPG;FirebaseIMG_2029.JPG;FirebaseIMG_2030.JPG;FirebaseIMG_2031.JPG;FirebaseIMG_2032.JPG,IMG_2033.JPG;FirebaseIMG_2034.JPG;FirebaseIMG_2035.JPG;FirebaseIMG_2036.JPG;FirebaseIMG_2037.JPG;FirebaseIMG_2038.JPG;FirebaseIMG_2039.JPG;FirebaseIMG_2040.JPG;FirebaseIMG_2041.JPG;FirebaseIMG_2042.JPG;FirebaseIMG_2043.JPG;FirebaseIMG_2044.JPG;FirebaseIMG_2045.JPG;FirebaseIMG_2046.JPG;FirebaseIMG_2047.JPG;FirebaseIMG_2048.JPG;FirebaseIMG_2049.JPG;FirebaseIMG_2050.JPG;FirebaseIMG_2051.JPG;FirebaseIMG_2052.JPG;FirebaseIMG_2053.JPG;FirebaseIMG_2054.JPG;FirebaseIMG_2055.JPG;FirebaseIMG_2056.JPG;FirebaseIMG_2057.JPG,IMG_2058.JPG;FirebaseIMG_2059.JPG;FirebaseIMG_2060.JPG;FirebaseIMG_2061.JPG;FirebaseIMG_2062.JPG;FirebaseIMG_2063.JPG;FirebaseIMG_2064.JPG;FirebaseIMG_2065.JPG;FirebaseIMG_2066.JPG;FirebaseIMG_2067.JPG;FirebaseIMG_2068.JPG;FirebaseIMG_2069.JPG;FirebaseIMG_2070.JPG;FirebaseIMG_2071.JPG;FirebaseIMG_2072.JPG;FirebaseIMG_2073.JPG;FirebaseIMG_2074.JPG;FirebaseIMG_2075.JPG;FirebaseIMG_2076.JPG;FirebaseIMG_2077.JPG;FirebaseIMG_2078.JPG;FirebaseIMG_2079.JPG;FirebaseIMG_2080.JPG;FirebaseIMG_2081.JPG;FirebaseIMG_2082.JPG,
Pappa,pappa,63a6d7659e85367cf4b74203,63a6d76d90b0ca1b34acd3c3,Sat Dec 24 2022 10:41:49 GMT+0000 (Coordinated Universal Time),Sat Dec 24 2022 10:41:49 GMT+0000 (Coordinated Universal Time),,FirebaseIMG_2670.JPG;FirebaseIMG_2671.JPG;FirebaseIMG_2672.JPG;FirebaseIMG_2673.JPG;FirebaseIMG_2674.JPG;FirebaseIMG_2675.JPG;FirebaseIMG_2676.JPG;FirebaseIMG_2677.JPG;FirebaseIMG_2678.JPG;FirebaseIMG_2679.JPG;FirebaseIMG_2680.JPG;FirebaseIMG_2681.JPG;FirebaseIMG_2682.JPG;FirebaseIMG_2683.JPG;FirebaseIMG_2684.JPG;FirebaseIMG_2685.JPG;FirebaseIMG_2686.JPG;FirebaseIMG_2687.JPG;FirebaseIMG_2688.JPG;FirebaseIMG_2689.JPG;FirebaseIMG_2690.JPG;FirebaseIMG_2691.JPG;FirebaseIMG_2692.JPG;FirebaseIMG_2693.JPG;FirebaseIMG_2694.JPG,IMG_2695.JPG;FirebaseIMG_2696.JPG;FirebaseIMG_2697.JPG;FirebaseIMG_2698.JPG;FirebaseIMG_2699.JPG;FirebaseIMG_2700.JPG;FirebaseIMG_2701.JPG;FirebaseIMG_2702.JPG;FirebaseIMG_2703.JPG;FirebaseIMG_2704.JPG;FirebaseIMG_2705.JPG;FirebaseIMG_2706.JPG;FirebaseIMG_2707.JPG;FirebaseIMG_2708.JPG;FirebaseIMG_2709.JPG;FirebaseIMG_2710.JPG;FirebaseIMG_2711.JPG;FirebaseIMG_2712.JPG;FirebaseIMG_2713.JPG;FirebaseIMG_2714.JPG;FirebaseIMG_2715.JPG;FirebaseIMG_2716.JPG;FirebaseIMG_2717.JPG;FirebaseIMG_2718.JPG;FirebaseIMG_2719.JPG,IMG_2720.JPG;FirebaseIMG_2721.JPG;FirebaseIMG_2722.JPG;FirebaseIMG_2723.JPG;FirebaseIMG_2724.JPG;FirebaseIMG_2725.JPG;FirebaseIMG_2726.JPG;FirebaseIMG_2727.JPG;FirebaseIMG_2728.JPG;FirebaseIMG_2729.JPG;FirebaseIMG_2730.JPG;FirebaseIMG_2731.JPG;FirebaseIMG_2732.JPG;FirebaseIMG_2733.JPG;FirebaseIMG_2734.JPG;FirebaseIMG_2735.JPG;FirebaseIMG_2736.JPG;FirebaseIMG_2737.JPG;FirebaseIMG_2738.JPG;FirebaseIMG_2739.JPG;FirebaseIMG_2740.JPG;FirebaseIMG_2741.JPG;FirebaseIMG_2742.JPG;FirebaseIMG_2743.JPG;FirebaseIMG_2744.JPG,IMG_2745.JPG;FirebaseIMG_2746.JPG;FirebaseIMG_2747.JPG;FirebaseIMG_2748.JPG;FirebaseIMG_2749.JPG;FirebaseIMG_2750.JPG;FirebaseIMG_2751.JPG;FirebaseIMG_2752.JPG;FirebaseIMG_2753.JPG;FirebaseIMG_2754.JPG;FirebaseIMG_2755.JPG;FirebaseIMG_2756.JPG;FirebaseIMG_2757.JPG;FirebaseIMG_2758.JPG;FirebaseIMG_2759.JPG;FirebaseIMG_2760.JPG;FirebaseIMG_2761.JPG;FirebaseIMG_2762.JPG;FirebaseIMG_2763.JPG;FirebaseIMG_2764.JPG;FirebaseIMG_2765.JPG;FirebaseIMG_2766.JPG;FirebaseIMG_2767.JPG;FirebaseIMG_2768.JPG;FirebaseIMG_2769.JPG,
Selma,selma,63a6d7659e85367cf4b74203,63a6d76d90b0ca1b34acd3c3,Sat Dec 24 2022 10:41:49 GMT+0000 (Coordinated Universal Time),Sat Dec 24 2022 10:41:49 GMT+0000 (Coordinated Universal Time),,FirebaseIMG_2233.JPG;FirebaseIMG_2234.JPG;FirebaseIMG_2235.JPG;FirebaseIMG_2236.JPG;FirebaseIMG_2237.JPG;FirebaseIMG_2238.JPG;FirebaseIMG_2239.JPG;FirebaseIMG_2240.JPG;FirebaseIMG_2241.JPG;FirebaseIMG_2242.JPG;FirebaseIMG_2243.JPG;FirebaseIMG_2244.JPG;FirebaseIMG_2245.JPG;FirebaseIMG_2246.JPG;FirebaseIMG_2247.JPG;FirebaseIMG_2248.JPG;FirebaseIMG_2249.JPG;FirebaseIMG_2250.JPG;FirebaseIMG_2251.JPG;FirebaseIMG_2252.JPG;FirebaseIMG_2253.JPG;FirebaseIMG_2254.JPG;FirebaseIMG_2255.JPG;FirebaseIMG_2256.JPG;FirebaseIMG_2257.JPG,IMG_2258.JPG;FirebaseIMG_2259.JPG;FirebaseIMG_2260.JPG;FirebaseIMG_2261.JPG;FirebaseIMG_2262.JPG;FirebaseIMG_2263.JPG;FirebaseIMG_2264.JPG;FirebaseIMG_2265.JPG;FirebaseIMG_2266.JPG;FirebaseIMG_2267.JPG;FirebaseIMG_2268.JPG;FirebaseIMG_2269.JPG;FirebaseIMG_2270.JPG;FirebaseIMG_2271.JPG;FirebaseIMG_2272.JPG;FirebaseIMG_2273.JPG;FirebaseIMG_2274.JPG;FirebaseIMG_2275.JPG;FirebaseIMG_2276.JPG;FirebaseIMG_2277.JPG;FirebaseIMG_2278.JPG;FirebaseIMG_2279.JPG;FirebaseIMG_2280.JPG;FirebaseIMG_2281.JPG;FirebaseIMG_2282.JPG,IMG_2283.JPG;FirebaseIMG_2284.JPG;FirebaseIMG_2285.JPG;FirebaseIMG_2286.JPG;FirebaseIMG_2287.JPG;FirebaseIMG_2288.JPG;FirebaseIMG_2289.JPG;FirebaseIMG_2290.JPG;FirebaseIMG_2291.JPG;FirebaseIMG_2292.JPG;FirebaseIMG_2293.JPG;FirebaseIMG_2294.JPG;FirebaseIMG_2295.JPG;FirebaseIMG_2296.JPG;FirebaseIMG_2297.JPG;FirebaseIMG_2298.JPG;FirebaseIMG_2299.JPG;FirebaseIMG_2300.JPG;FirebaseIMG_2301.JPG;FirebaseIMG_2302.JPG;FirebaseIMG_2303.JPG;FirebaseIMG_2304.JPG;FirebaseIMG_2305.JPG;FirebaseIMG_2306.JPG;FirebaseIMG_2307.JPG,IMG_2308.JPG;FirebaseIMG_2309.JPG;FirebaseIMG_2310.JPG;FirebaseIMG_2311.JPG;FirebaseIMG_2312.JPG;FirebaseIMG_2313.JPG;FirebaseIMG_2314.JPG;FirebaseIMG_2315.JPG;FirebaseIMG_2316.JPG;FirebaseIMG_2317.JPG;FirebaseIMG_2318.JPG;FirebaseIMG_2319.JPG;FirebaseIMG_2320.JPG;FirebaseIMG_2321.JPG;FirebaseIMG_2322.JPG;FirebaseIMG_2323.JPG;FirebaseIMG_2324.JPG;FirebaseIMG_2325.JPG;FirebaseIMG_2326.JPG;FirebaseIMG_2327.JPG;FirebaseIMG_2328.JPG;FirebaseIMG_2329.JPG;FirebaseIMG_2330.JPG;FirebaseIMG_2331.JPG;FirebaseIMG_2332.JPG,
